,N_GTs,N_DETs,TPs,FPs,FNs,AP,MAP,C_THR,REC,PREC
0,306,296,189.0,107.0,117,0.5310349136295222,53.10349136295221,56,49.34640522875817,80.31914893617021
