,cov_grid,cov_pix
P7100048,1.22,1.1926651000976562
P7100072,1.1103999999999998,1.0825157165527344
