,cov_grid,cov_pix
PA210111,15.993599999999999,15.433120727539062
