,N_GTs,N_DETs,TPs,FPs,FNs,AP,MAP,C_THR,REC,PREC
0,306,378,204.0,174.0,102,0.5594380584273002,55.94380584273002,56,49.34640522875817,80.31914893617021
